district,month,cases_registered,persons_arrested,details_of_seizure
Bhubaneswar,2015-01,78,91,520 kg of fermented wash destroyed
Ganjam,2015-01,63,79,494 kg of fermented wash destroyed
Koraput,2015-01,19,19,122 liters of ID liquor
Sambalpur,2015-01,31,42,110 liters of ID liquor
Puri,2015-01,39,56,483 kg of fermented wash destroyed
Balasore,2015-01,49,52,470 kg of fermented wash destroyed
Rourkela,2015-01,65,74,78 pouches of country liquor
Mayurbhanj,2015-01,14,14,107 liters of ID liquor
Cuttack,2015-01,92,104,100 liters of ID liquor
Kalahandi,2015-01,18,24,93 liters of ID liquor
Bhubaneswar,2015-02,80,84,105 liters of ID liquor
Ganjam,2015-02,59,66,111 pouches of country liquor
Koraput,2015-02,25,32,515 kg of fermented wash destroyed
Sambalpur,2015-02,42,44,106 liters of ID liquor
Puri,2015-02,25,25,102 pouches of country liquor
Balasore,2015-02,53,68,74 pouches of country liquor
Rourkela,2015-02,69,80,99 liters of ID liquor
Mayurbhanj,2015-02,25,25,496 kg of fermented wash destroyed
Cuttack,2015-02,63,93,112 pouches of country liquor
Kalahandi,2015-02,19,19,87 bottles of IMFL
Bhubaneswar,2015-03,75,79,499 kg of fermented wash destroyed
Ganjam,2015-03,50,66,108 pouches of country liquor
Koraput,2015-03,22,30,492 kg of fermented wash destroyed
Sambalpur,2015-03,41,41,102 bottles of IMFL
Puri,2015-03,37,42,86 pouches of country liquor
Balasore,2015-03,25,34,542 kg of fermented wash destroyed
Rourkela,2015-03,50,50,100 pouches of country liquor
Mayurbhanj,2015-03,26,32,99 pouches of country liquor
Cuttack,2015-03,87,99,94 liters of ID liquor
Kalahandi,2015-03,13,21,107 bottles of IMFL
Bhubaneswar,2015-04,105,105,459 kg of fermented wash destroyed
Ganjam,2015-04,46,49,513 kg of fermented wash destroyed
Koraput,2015-04,27,28,102 pouches of country liquor
Sambalpur,2015-04,29,36,513 kg of fermented wash destroyed
Puri,2015-04,30,36,458 kg of fermented wash destroyed
Balasore,2015-04,35,41,107 bottles of IMFL
Rourkela,2015-04,62,84,105 liters of ID liquor
Mayurbhanj,2015-04,20,29,514 kg of fermented wash destroyed
Cuttack,2015-04,86,100,103 bottles of IMFL
Kalahandi,2015-04,21,24,109 pouches of country liquor
Bhubaneswar,2015-05,77,79,93 bottles of IMFL
Ganjam,2015-05,49,49,95 bottles of IMFL
Koraput,2015-05,29,29,112 liters of ID liquor
Sambalpur,2015-05,52,53,86 pouches of country liquor
Puri,2015-05,28,39,100 liters of ID liquor
Balasore,2015-05,34,38,81 bottles of IMFL
Rourkela,2015-05,71,71,480 kg of fermented wash destroyed
Mayurbhanj,2015-05,13,22,458 kg of fermented wash destroyed
Cuttack,2015-05,87,96,524 kg of fermented wash destroyed
Kalahandi,2015-05,18,23,92 liters of ID liquor
Bhubaneswar,2015-06,102,107,96 liters of ID liquor
Ganjam,2015-06,60,76,105 liters of ID liquor
Koraput,2015-06,20,26,101 bottles of IMFL
Sambalpur,2015-06,52,53,108 pouches of country liquor
Puri,2015-06,39,51,113 bottles of IMFL
Balasore,2015-06,45,45,473 kg of fermented wash destroyed
Rourkela,2015-06,68,69,511 kg of fermented wash destroyed
Mayurbhanj,2015-06,23,29,86 pouches of country liquor
Cuttack,2015-06,77,81,82 pouches of country liquor
Kalahandi,2015-06,20,21,89 bottles of IMFL
Bhubaneswar,2015-07,102,116,511 kg of fermented wash destroyed
Ganjam,2015-07,51,51,96 pouches of country liquor
Koraput,2015-07,22,33,458 kg of fermented wash destroyed
Sambalpur,2015-07,33,33,506 kg of fermented wash destroyed
Puri,2015-07,41,43,100 liters of ID liquor
Balasore,2015-07,49,49,95 pouches of country liquor
Rourkela,2015-07,55,55,86 pouches of country liquor
Mayurbhanj,2015-07,20,20,108 liters of ID liquor
Cuttack,2015-07,75,83,97 bottles of IMFL
Kalahandi,2015-07,18,21,99 liters of ID liquor
Bhubaneswar,2015-08,74,89,491 kg of fermented wash destroyed
Ganjam,2015-08,52,52,94 liters of ID liquor
Koraput,2015-08,22,33,109 liters of ID liquor
Sambalpur,2015-08,43,53,94 bottles of IMFL
Puri,2015-08,31,40,514 kg of fermented wash destroyed
Balasore,2015-08,36,40,463 kg of fermented wash destroyed
Rourkela,2015-08,65,74,92 pouches of country liquor
Mayurbhanj,2015-08,22,22,96 liters of ID liquor
Cuttack,2015-08,81,85,97 bottles of IMFL
Kalahandi,2015-08,20,20,105 pouches of country liquor
Bhubaneswar,2015-09,94,104,118 bottles of IMFL
Ganjam,2015-09,50,50,110 bottles of IMFL
Koraput,2015-09,31,36,109 liters of ID liquor
Sambalpur,2015-09,38,38,117 pouches of country liquor
Puri,2015-09,39,39,110 liters of ID liquor
Balasore,2015-09,31,31,87 pouches of country liquor
Rourkela,2015-09,70,77,93 bottles of IMFL
Mayurbhanj,2015-09,27,30,107 pouches of country liquor
Cuttack,2015-09,71,71,90 liters of ID liquor
Kalahandi,2015-09,18,18,100 bottles of IMFL
Bhubaneswar,2015-10,72,75,104 pouches of country liquor
Ganjam,2015-10,44,44,95 liters of ID liquor
Koraput,2015-10,25,31,103 pouches of country liquor
Sambalpur,2015-10,49,49,98 liters of ID liquor
Puri,2015-10,41,41,85 liters of ID liquor
Balasore,2015-10,41,56,116 bottles of IMFL
Rourkela,2015-10,58,58,95 pouches of country liquor
Mayurbhanj,2015-10,24,30,481 kg of fermented wash destroyed
Cuttack,2015-10,101,120,102 pouches of country liquor
Kalahandi,2015-10,18,20,102 pouches of country liquor
Bhubaneswar,2015-11,103,110,81 liters of ID liquor
Ganjam,2015-11,52,54,102 pouches of country liquor
Koraput,2015-11,12,12,538 kg of fermented wash destroyed
Sambalpur,2015-11,49,55,101 bottles of IMFL
Puri,2015-11,39,45,103 liters of ID liquor
Balasore,2015-11,47,51,97 bottles of IMFL
Rourkela,2015-11,75,76,501 kg of fermented wash destroyed
Mayurbhanj,2015-11,20,23,94 liters of ID liquor
Cuttack,2015-11,90,90,90 liters of ID liquor
Kalahandi,2015-11,12,14,92 liters of ID liquor
Bhubaneswar,2015-12,81,104,503 kg of fermented wash destroyed
Ganjam,2015-12,63,63,102 liters of ID liquor
Koraput,2015-12,19,25,476 kg of fermented wash destroyed
Sambalpur,2015-12,48,48,91 bottles of IMFL
Puri,2015-12,35,44,95 pouches of country liquor
Balasore,2015-12,35,47,109 liters of ID liquor
Rourkela,2015-12,72,79,463 kg of fermented wash destroyed
Mayurbhanj,2015-12,19,31,464 kg of fermented wash destroyed
Cuttack,2015-12,68,82,490 kg of fermented wash destroyed
Kalahandi,2015-12,13,17,477 kg of fermented wash destroyed
Bhubaneswar,2016-01,75,75,102 liters of ID liquor
Ganjam,2016-01,51,51,96 bottles of IMFL
Koraput,2016-01,25,32,506 kg of fermented wash destroyed
Sambalpur,2016-01,46,59,481 kg of fermented wash destroyed
Puri,2016-01,26,26,465 kg of fermented wash destroyed
Balasore,2016-01,45,45,92 bottles of IMFL
Rourkela,2016-01,73,94,90 bottles of IMFL
Mayurbhanj,2016-01,14,14,509 kg of fermented wash destroyed
Cuttack,2016-01,89,108,90 pouches of country liquor
Kalahandi,2016-01,10,10,104 liters of ID liquor
Bhubaneswar,2016-02,75,78,89 pouches of country liquor
Ganjam,2016-02,52,59,96 pouches of country liquor
Koraput,2016-02,30,37,100 bottles of IMFL
Sambalpur,2016-02,50,52,130 pouches of country liquor
Puri,2016-02,34,34,87 pouches of country liquor
Balasore,2016-02,37,37,106 pouches of country liquor
Rourkela,2016-02,51,51,516 kg of fermented wash destroyed
Mayurbhanj,2016-02,13,13,106 pouches of country liquor
Cuttack,2016-02,81,89,88 liters of ID liquor
Kalahandi,2016-02,13,13,101 bottles of IMFL
Bhubaneswar,2016-03,96,110,90 bottles of IMFL
Ganjam,2016-03,52,56,96 bottles of IMFL
Koraput,2016-03,28,28,105 liters of ID liquor
Sambalpur,2016-03,51,68,112 bottles of IMFL
Puri,2016-03,26,31,502 kg of fermented wash destroyed
Balasore,2016-03,29,32,94 bottles of IMFL
Rourkela,2016-03,72,77,103 pouches of country liquor
Mayurbhanj,2016-03,26,37,84 liters of ID liquor
Cuttack,2016-03,91,112,88 pouches of country liquor
Kalahandi,2016-03,14,18,475 kg of fermented wash destroyed
Bhubaneswar,2016-04,89,104,483 kg of fermented wash destroyed
Ganjam,2016-04,52,54,99 liters of ID liquor
Koraput,2016-04,26,29,116 bottles of IMFL
Sambalpur,2016-04,52,52,100 bottles of IMFL
Puri,2016-04,27,27,87 liters of ID liquor
Balasore,2016-04,46,47,88 pouches of country liquor
Rourkela,2016-04,66,66,109 liters of ID liquor
Mayurbhanj,2016-04,20,20,92 liters of ID liquor
Cuttack,2016-04,88,102,105 pouches of country liquor
Kalahandi,2016-04,6,6,93 pouches of country liquor
Bhubaneswar,2016-05,91,118,90 pouches of country liquor
Ganjam,2016-05,58,58,106 liters of ID liquor
Koraput,2016-05,21,23,104 liters of ID liquor
Sambalpur,2016-05,44,46,87 pouches of country liquor
Puri,2016-05,44,48,103 bottles of IMFL
Balasore,2016-05,33,33,100 bottles of IMFL
Rourkela,2016-05,62,65,89 pouches of country liquor
Mayurbhanj,2016-05,16,17,83 pouches of country liquor
Cuttack,2016-05,98,109,91 pouches of country liquor
Kalahandi,2016-05,19,19,89 pouches of country liquor
Bhubaneswar,2016-06,86,109,88 bottles of IMFL
Ganjam,2016-06,63,63,532 kg of fermented wash destroyed
Koraput,2016-06,26,33,98 bottles of IMFL
Sambalpur,2016-06,49,49,91 liters of ID liquor
Puri,2016-06,25,27,113 pouches of country liquor
Balasore,2016-06,37,37,98 liters of ID liquor
Rourkela,2016-06,67,80,102 liters of ID liquor
Mayurbhanj,2016-06,19,21,100 liters of ID liquor
Cuttack,2016-06,102,126,102 pouches of country liquor
Kalahandi,2016-06,15,15,105 pouches of country liquor
Bhubaneswar,2016-07,83,104,504 kg of fermented wash destroyed
Ganjam,2016-07,60,75,118 liters of ID liquor
Koraput,2016-07,21,21,79 bottles of IMFL
Sambalpur,2016-07,38,49,470 kg of fermented wash destroyed
Puri,2016-07,30,35,96 bottles of IMFL
Balasore,2016-07,44,44,112 bottles of IMFL
Rourkela,2016-07,67,80,100 bottles of IMFL
Mayurbhanj,2016-07,14,15,106 liters of ID liquor
Cuttack,2016-07,80,83,510 kg of fermented wash destroyed
Kalahandi,2016-07,22,22,518 kg of fermented wash destroyed
Bhubaneswar,2016-08,93,93,478 kg of fermented wash destroyed
Ganjam,2016-08,56,61,97 liters of ID liquor
Koraput,2016-08,16,16,130 pouches of country liquor
Sambalpur,2016-08,34,39,505 kg of fermented wash destroyed
Puri,2016-08,37,46,480 kg of fermented wash destroyed
Balasore,2016-08,49,55,115 bottles of IMFL
Rourkela,2016-08,68,69,118 pouches of country liquor
Mayurbhanj,2016-08,27,27,510 kg of fermented wash destroyed
Cuttack,2016-08,98,117,95 bottles of IMFL
Kalahandi,2016-08,24,25,104 liters of ID liquor
Bhubaneswar,2016-09,88,103,99 bottles of IMFL
Ganjam,2016-09,55,61,129 liters of ID liquor
Koraput,2016-09,28,28,111 liters of ID liquor
Sambalpur,2016-09,38,40,480 kg of fermented wash destroyed
Puri,2016-09,30,30,94 bottles of IMFL
Balasore,2016-09,34,44,101 bottles of IMFL
Rourkela,2016-09,60,69,88 bottles of IMFL
Mayurbhanj,2016-09,31,34,100 bottles of IMFL
Cuttack,2016-09,85,85,106 bottles of IMFL
Kalahandi,2016-09,18,22,484 kg of fermented wash destroyed
Bhubaneswar,2016-10,115,133,513 kg of fermented wash destroyed
Ganjam,2016-10,59,85,529 kg of fermented wash destroyed
Koraput,2016-10,26,36,498 kg of fermented wash destroyed
Sambalpur,2016-10,47,60,104 liters of ID liquor
Puri,2016-10,39,39,503 kg of fermented wash destroyed
Balasore,2016-10,31,40,82 liters of ID liquor
Rourkela,2016-10,56,56,83 liters of ID liquor
Mayurbhanj,2016-10,21,21,103 bottles of IMFL
Cuttack,2016-10,68,73,91 bottles of IMFL
Kalahandi,2016-10,19,20,103 liters of ID liquor
Bhubaneswar,2016-11,92,92,86 pouches of country liquor
Ganjam,2016-11,65,74,92 bottles of IMFL
Koraput,2016-11,28,30,495 kg of fermented wash destroyed
Sambalpur,2016-11,46,58,94 pouches of country liquor
Puri,2016-11,29,35,84 bottles of IMFL
Balasore,2016-11,44,49,92 liters of ID liquor
Rourkela,2016-11,60,69,109 liters of ID liquor
Mayurbhanj,2016-11,18,22,519 kg of fermented wash destroyed
Cuttack,2016-11,74,74,97 bottles of IMFL
Kalahandi,2016-11,28,29,88 liters of ID liquor
Bhubaneswar,2016-12,96,96,104 pouches of country liquor
Ganjam,2016-12,50,52,79 bottles of IMFL
Koraput,2016-12,27,30,104 liters of ID liquor
Sambalpur,2016-12,47,61,98 liters of ID liquor
Puri,2016-12,47,48,536 kg of fermented wash destroyed
Balasore,2016-12,43,50,98 liters of ID liquor
Rourkela,2016-12,60,63,103 pouches of country liquor
Mayurbhanj,2016-12,21,22,100 liters of ID liquor
Cuttack,2016-12,82,96,97 liters of ID liquor
Kalahandi,2016-12,20,20,106 bottles of IMFL
Bhubaneswar,2017-01,76,76,508 kg of fermented wash destroyed
Ganjam,2017-01,57,70,500 kg of fermented wash destroyed
Koraput,2017-01,27,27,119 bottles of IMFL
Sambalpur,2017-01,42,42,118 bottles of IMFL
Puri,2017-01,34,34,98 bottles of IMFL
Balasore,2017-01,38,45,101 bottles of IMFL
Rourkela,2017-01,70,73,93 liters of ID liquor
Mayurbhanj,2017-01,21,22,107 bottles of IMFL
Cuttack,2017-01,100,115,97 pouches of country liquor
Kalahandi,2017-01,22,22,463 kg of fermented wash destroyed
Bhubaneswar,2017-02,92,120,89 pouches of country liquor
Ganjam,2017-02,71,84,107 pouches of country liquor
Koraput,2017-02,24,31,102 bottles of IMFL
Sambalpur,2017-02,40,59,119 liters of ID liquor
Puri,2017-02,39,46,96 bottles of IMFL
Balasore,2017-02,38,57,101 bottles of IMFL
Rourkela,2017-02,65,65,107 pouches of country liquor
Mayurbhanj,2017-02,17,20,108 pouches of country liquor
Cuttack,2017-02,96,99,85 liters of ID liquor
Kalahandi,2017-02,20,23,103 pouches of country liquor
Bhubaneswar,2017-03,89,106,93 liters of ID liquor
Ganjam,2017-03,55,63,504 kg of fermented wash destroyed
Koraput,2017-03,22,29,486 kg of fermented wash destroyed
Sambalpur,2017-03,35,38,498 kg of fermented wash destroyed
Puri,2017-03,43,43,88 pouches of country liquor
Balasore,2017-03,38,43,485 kg of fermented wash destroyed
Rourkela,2017-03,48,48,519 kg of fermented wash destroyed
Mayurbhanj,2017-03,20,23,545 kg of fermented wash destroyed
Cuttack,2017-03,73,81,515 kg of fermented wash destroyed
Kalahandi,2017-03,13,22,524 kg of fermented wash destroyed
Bhubaneswar,2017-04,104,112,103 pouches of country liquor
Ganjam,2017-04,55,55,90 liters of ID liquor
Koraput,2017-04,32,40,79 liters of ID liquor
Sambalpur,2017-04,59,61,116 bottles of IMFL
Puri,2017-04,39,45,108 liters of ID liquor
Balasore,2017-04,53,54,487 kg of fermented wash destroyed
Rourkela,2017-04,59,61,528 kg of fermented wash destroyed
Mayurbhanj,2017-04,23,29,98 pouches of country liquor
Cuttack,2017-04,88,88,102 bottles of IMFL
Kalahandi,2017-04,19,19,111 pouches of country liquor
Bhubaneswar,2017-05,85,91,102 pouches of country liquor
Ganjam,2017-05,55,56,106 pouches of country liquor
Koraput,2017-05,19,19,479 kg of fermented wash destroyed
Sambalpur,2017-05,52,63,103 bottles of IMFL
Puri,2017-05,28,36,114 bottles of IMFL
Balasore,2017-05,45,48,75 liters of ID liquor
Rourkela,2017-05,66,81,108 bottles of IMFL
Mayurbhanj,2017-05,21,21,114 bottles of IMFL
Cuttack,2017-05,88,88,82 bottles of IMFL
Kalahandi,2017-05,19,28,103 liters of ID liquor
Bhubaneswar,2017-06,83,83,473 kg of fermented wash destroyed
Ganjam,2017-06,52,57,104 pouches of country liquor
Koraput,2017-06,35,38,91 pouches of country liquor
Sambalpur,2017-06,42,42,84 liters of ID liquor
Puri,2017-06,38,38,99 pouches of country liquor
Balasore,2017-06,45,53,97 bottles of IMFL
Rourkela,2017-06,63,67,515 kg of fermented wash destroyed
Mayurbhanj,2017-06,29,29,111 liters of ID liquor
Cuttack,2017-06,74,74,109 pouches of country liquor
Kalahandi,2017-06,24,24,90 liters of ID liquor
Bhubaneswar,2017-07,76,96,104 liters of ID liquor
Ganjam,2017-07,44,44,118 liters of ID liquor
Koraput,2017-07,29,31,103 liters of ID liquor
Sambalpur,2017-07,37,41,479 kg of fermented wash destroyed
Puri,2017-07,47,47,90 pouches of country liquor
Balasore,2017-07,49,49,87 liters of ID liquor
Rourkela,2017-07,65,88,489 kg of fermented wash destroyed
Mayurbhanj,2017-07,17,18,96 pouches of country liquor
Cuttack,2017-07,86,89,105 bottles of IMFL
Kalahandi,2017-07,21,21,106 pouches of country liquor
Bhubaneswar,2017-08,86,98,106 pouches of country liquor
Ganjam,2017-08,55,58,492 kg of fermented wash destroyed
Koraput,2017-08,24,24,86 bottles of IMFL
Sambalpur,2017-08,44,45,109 liters of ID liquor
Puri,2017-08,34,34,92 liters of ID liquor
Balasore,2017-08,51,54,122 bottles of IMFL
Rourkela,2017-08,55,59,520 kg of fermented wash destroyed
Mayurbhanj,2017-08,22,22,99 liters of ID liquor
Cuttack,2017-08,84,101,506 kg of fermented wash destroyed
Kalahandi,2017-08,18,19,98 bottles of IMFL
Bhubaneswar,2017-09,109,110,117 pouches of country liquor
Ganjam,2017-09,46,61,100 bottles of IMFL
Koraput,2017-09,20,20,113 pouches of country liquor
Sambalpur,2017-09,42,47,107 pouches of country liquor
Puri,2017-09,46,56,528 kg of fermented wash destroyed
Balasore,2017-09,27,36,124 bottles of IMFL
Rourkela,2017-09,54,58,484 kg of fermented wash destroyed
Mayurbhanj,2017-09,19,22,526 kg of fermented wash destroyed
Cuttack,2017-09,92,111,109 liters of ID liquor
Kalahandi,2017-09,19,23,101 liters of ID liquor
Bhubaneswar,2017-10,86,103,477 kg of fermented wash destroyed
Ganjam,2017-10,69,82,93 pouches of country liquor
Koraput,2017-10,23,23,106 bottles of IMFL
Sambalpur,2017-10,42,44,92 pouches of country liquor
Puri,2017-10,27,34,102 liters of ID liquor
Balasore,2017-10,28,28,92 pouches of country liquor
Rourkela,2017-10,68,73,489 kg of fermented wash destroyed
Mayurbhanj,2017-10,30,30,78 bottles of IMFL
Cuttack,2017-10,87,101,534 kg of fermented wash destroyed
Kalahandi,2017-10,17,19,500 kg of fermented wash destroyed
Bhubaneswar,2017-11,94,98,97 liters of ID liquor
Ganjam,2017-11,51,59,97 bottles of IMFL
Koraput,2017-11,19,20,103 bottles of IMFL
Sambalpur,2017-11,36,47,81 pouches of country liquor
Puri,2017-11,28,28,455 kg of fermented wash destroyed
Balasore,2017-11,43,43,106 pouches of country liquor
Rourkela,2017-11,65,65,91 pouches of country liquor
Mayurbhanj,2017-11,20,29,101 bottles of IMFL
Cuttack,2017-11,83,95,96 pouches of country liquor
Kalahandi,2017-11,13,14,466 kg of fermented wash destroyed
Bhubaneswar,2017-12,88,88,494 kg of fermented wash destroyed
Ganjam,2017-12,53,57,496 kg of fermented wash destroyed
Koraput,2017-12,27,27,99 pouches of country liquor
Sambalpur,2017-12,48,56,92 bottles of IMFL
Puri,2017-12,29,29,496 kg of fermented wash destroyed
Balasore,2017-12,44,44,113 bottles of IMFL
Rourkela,2017-12,74,93,96 pouches of country liquor
Mayurbhanj,2017-12,24,24,112 pouches of country liquor
Cuttack,2017-12,78,78,99 liters of ID liquor
Kalahandi,2017-12,19,19,109 liters of ID liquor
Bhubaneswar,2018-01,73,73,92 pouches of country liquor
Ganjam,2018-01,42,42,548 kg of fermented wash destroyed
Koraput,2018-01,30,30,114 liters of ID liquor
Sambalpur,2018-01,52,52,521 kg of fermented wash destroyed
Puri,2018-01,32,34,101 bottles of IMFL
Balasore,2018-01,43,51,104 pouches of country liquor
Rourkela,2018-01,68,72,106 pouches of country liquor
Mayurbhanj,2018-01,25,25,105 liters of ID liquor
Cuttack,2018-01,97,106,486 kg of fermented wash destroyed
Kalahandi,2018-01,15,17,97 liters of ID liquor
Bhubaneswar,2018-02,93,104,96 bottles of IMFL
Ganjam,2018-02,49,49,95 bottles of IMFL
Koraput,2018-02,23,27,91 pouches of country liquor
Sambalpur,2018-02,60,66,91 pouches of country liquor
Puri,2018-02,35,35,555 kg of fermented wash destroyed
Balasore,2018-02,46,46,107 bottles of IMFL
Rourkela,2018-02,64,81,96 bottles of IMFL
Mayurbhanj,2018-02,26,34,485 kg of fermented wash destroyed
Cuttack,2018-02,93,111,102 liters of ID liquor
Kalahandi,2018-02,17,20,486 kg of fermented wash destroyed
Bhubaneswar,2018-03,83,98,99 bottles of IMFL
Ganjam,2018-03,65,83,91 bottles of IMFL
Koraput,2018-03,25,25,105 bottles of IMFL
Sambalpur,2018-03,51,53,106 bottles of IMFL
Puri,2018-03,31,38,105 bottles of IMFL
Balasore,2018-03,44,50,116 liters of ID liquor
Rourkela,2018-03,67,69,76 bottles of IMFL
Mayurbhanj,2018-03,14,14,101 pouches of country liquor
Cuttack,2018-03,82,90,523 kg of fermented wash destroyed
Kalahandi,2018-03,18,25,86 liters of ID liquor
Bhubaneswar,2018-04,86,112,102 liters of ID liquor
Ganjam,2018-04,53,69,521 kg of fermented wash destroyed
Koraput,2018-04,25,31,97 pouches of country liquor
Sambalpur,2018-04,52,61,93 pouches of country liquor
Puri,2018-04,37,44,514 kg of fermented wash destroyed
Balasore,2018-04,43,43,87 liters of ID liquor
Rourkela,2018-04,57,71,508 kg of fermented wash destroyed
Mayurbhanj,2018-04,18,18,111 bottles of IMFL
Cuttack,2018-04,81,101,89 bottles of IMFL
Kalahandi,2018-04,28,46,505 kg of fermented wash destroyed
Bhubaneswar,2018-05,92,98,95 bottles of IMFL
Ganjam,2018-05,45,57,522 kg of fermented wash destroyed
Koraput,2018-05,19,19,116 liters of ID liquor
Sambalpur,2018-05,49,62,80 liters of ID liquor
Puri,2018-05,36,36,85 pouches of country liquor
Balasore,2018-05,58,58,522 kg of fermented wash destroyed
Rourkela,2018-05,69,69,100 bottles of IMFL
Mayurbhanj,2018-05,26,27,121 pouches of country liquor
Cuttack,2018-05,94,105,91 liters of ID liquor
Kalahandi,2018-05,15,16,119 bottles of IMFL
Bhubaneswar,2018-06,97,120,123 pouches of country liquor
Ganjam,2018-06,47,55,88 pouches of country liquor
Koraput,2018-06,20,25,98 liters of ID liquor
Sambalpur,2018-06,58,64,113 pouches of country liquor
Puri,2018-06,39,41,94 liters of ID liquor
Balasore,2018-06,46,55,95 bottles of IMFL
Rourkela,2018-06,54,57,93 pouches of country liquor
Mayurbhanj,2018-06,20,22,498 kg of fermented wash destroyed
Cuttack,2018-06,99,108,114 liters of ID liquor
Kalahandi,2018-06,25,25,72 bottles of IMFL
Bhubaneswar,2018-07,83,83,79 pouches of country liquor
Ganjam,2018-07,53,88,503 kg of fermented wash destroyed
Koraput,2018-07,28,31,485 kg of fermented wash destroyed
Sambalpur,2018-07,47,53,102 pouches of country liquor
Puri,2018-07,44,45,510 kg of fermented wash destroyed
Balasore,2018-07,36,37,102 bottles of IMFL
Rourkela,2018-07,63,75,95 pouches of country liquor
Mayurbhanj,2018-07,18,18,107 liters of ID liquor
Cuttack,2018-07,87,94,117 liters of ID liquor
Kalahandi,2018-07,28,28,102 pouches of country liquor
Bhubaneswar,2018-08,85,85,110 liters of ID liquor
Ganjam,2018-08,48,48,495 kg of fermented wash destroyed
Koraput,2018-08,19,22,107 pouches of country liquor
Sambalpur,2018-08,49,54,508 kg of fermented wash destroyed
Puri,2018-08,39,41,99 liters of ID liquor
Balasore,2018-08,41,58,91 bottles of IMFL
Rourkela,2018-08,51,59,97 liters of ID liquor
Mayurbhanj,2018-08,20,22,108 pouches of country liquor
Cuttack,2018-08,73,79,83 pouches of country liquor
Kalahandi,2018-08,21,26,87 bottles of IMFL
Bhubaneswar,2018-09,78,85,85 liters of ID liquor
Ganjam,2018-09,53,55,103 liters of ID liquor
Koraput,2018-09,21,21,93 liters of ID liquor
Sambalpur,2018-09,37,42,108 pouches of country liquor
Puri,2018-09,31,32,102 bottles of IMFL
Balasore,2018-09,31,42,86 liters of ID liquor
Rourkela,2018-09,56,62,92 liters of ID liquor
Mayurbhanj,2018-09,32,32,98 liters of ID liquor
Cuttack,2018-09,80,87,91 pouches of country liquor
Kalahandi,2018-09,17,17,509 kg of fermented wash destroyed
Bhubaneswar,2018-10,93,105,80 pouches of country liquor
Ganjam,2018-10,56,84,97 bottles of IMFL
Koraput,2018-10,16,20,97 pouches of country liquor
Sambalpur,2018-10,43,53,97 liters of ID liquor
Puri,2018-10,30,38,515 kg of fermented wash destroyed
Balasore,2018-10,48,51,121 bottles of IMFL
Rourkela,2018-10,64,64,101 liters of ID liquor
Mayurbhanj,2018-10,14,18,110 bottles of IMFL
Cuttack,2018-10,93,100,90 bottles of IMFL
Kalahandi,2018-10,15,16,478 kg of fermented wash destroyed
Bhubaneswar,2018-11,84,97,97 liters of ID liquor
Ganjam,2018-11,52,63,489 kg of fermented wash destroyed
Koraput,2018-11,22,22,115 liters of ID liquor
Sambalpur,2018-11,39,39,532 kg of fermented wash destroyed
Puri,2018-11,44,45,97 bottles of IMFL
Balasore,2018-11,32,40,478 kg of fermented wash destroyed
Rourkela,2018-11,59,66,89 pouches of country liquor
Mayurbhanj,2018-11,24,25,469 kg of fermented wash destroyed
Cuttack,2018-11,77,94,527 kg of fermented wash destroyed
Kalahandi,2018-11,20,20,110 liters of ID liquor
Bhubaneswar,2018-12,88,91,102 liters of ID liquor
Ganjam,2018-12,70,87,505 kg of fermented wash destroyed
Koraput,2018-12,18,29,474 kg of fermented wash destroyed
Sambalpur,2018-12,65,66,458 kg of fermented wash destroyed
Puri,2018-12,30,35,111 pouches of country liquor
Balasore,2018-12,45,45,108 pouches of country liquor
Rourkela,2018-12,54,56,107 bottles of IMFL
Mayurbhanj,2018-12,22,32,95 liters of ID liquor
Cuttack,2018-12,81,87,105 pouches of country liquor
Kalahandi,2018-12,17,18,522 kg of fermented wash destroyed
Bhubaneswar,2019-01,82,94,94 pouches of country liquor
Ganjam,2019-01,67,86,92 pouches of country liquor
Koraput,2019-01,23,32,105 pouches of country liquor
Sambalpur,2019-01,42,42,113 pouches of country liquor
Puri,2019-01,38,53,532 kg of fermented wash destroyed
Balasore,2019-01,41,52,511 kg of fermented wash destroyed
Rourkela,2019-01,64,73,108 bottles of IMFL
Mayurbhanj,2019-01,21,32,93 liters of ID liquor
Cuttack,2019-01,89,89,504 kg of fermented wash destroyed
Kalahandi,2019-01,17,24,102 liters of ID liquor
Bhubaneswar,2019-02,96,108,507 kg of fermented wash destroyed
Ganjam,2019-02,58,58,91 bottles of IMFL
Koraput,2019-02,19,24,108 bottles of IMFL
Sambalpur,2019-02,39,53,110 liters of ID liquor
Puri,2019-02,36,43,483 kg of fermented wash destroyed
Balasore,2019-02,39,46,82 bottles of IMFL
Rourkela,2019-02,51,51,108 pouches of country liquor
Mayurbhanj,2019-02,25,25,97 pouches of country liquor
Cuttack,2019-02,86,86,122 liters of ID liquor
Kalahandi,2019-02,19,22,116 liters of ID liquor
Bhubaneswar,2019-03,93,96,92 bottles of IMFL
Ganjam,2019-03,52,62,98 pouches of country liquor
Koraput,2019-03,20,20,92 bottles of IMFL
Sambalpur,2019-03,46,50,113 pouches of country liquor
Puri,2019-03,27,40,465 kg of fermented wash destroyed
Balasore,2019-03,50,56,83 bottles of IMFL
Rourkela,2019-03,59,73,98 pouches of country liquor
Mayurbhanj,2019-03,23,24,97 bottles of IMFL
Cuttack,2019-03,83,84,101 bottles of IMFL
Kalahandi,2019-03,22,27,90 bottles of IMFL
Bhubaneswar,2019-04,103,111,479 kg of fermented wash destroyed
Ganjam,2019-04,51,61,103 bottles of IMFL
Koraput,2019-04,25,34,83 liters of ID liquor
Sambalpur,2019-04,49,59,103 bottles of IMFL
Puri,2019-04,39,39,523 kg of fermented wash destroyed
Balasore,2019-04,46,49,90 bottles of IMFL
Rourkela,2019-04,74,75,120 bottles of IMFL
Mayurbhanj,2019-04,34,34,97 pouches of country liquor
Cuttack,2019-04,78,78,120 bottles of IMFL
Kalahandi,2019-04,12,20,513 kg of fermented wash destroyed
Bhubaneswar,2019-05,91,103,102 liters of ID liquor
Ganjam,2019-05,59,73,94 pouches of country liquor
Koraput,2019-05,33,45,98 liters of ID liquor
Sambalpur,2019-05,38,45,86 liters of ID liquor
Puri,2019-05,35,48,97 bottles of IMFL
Balasore,2019-05,39,51,94 bottles of IMFL
Rourkela,2019-05,70,79,109 pouches of country liquor
Mayurbhanj,2019-05,24,25,103 bottles of IMFL
Cuttack,2019-05,96,105,110 liters of ID liquor
Kalahandi,2019-05,11,18,103 bottles of IMFL
Bhubaneswar,2019-06,80,83,120 liters of ID liquor
Ganjam,2019-06,47,47,101 liters of ID liquor
Koraput,2019-06,30,30,110 pouches of country liquor
Sambalpur,2019-06,45,47,83 bottles of IMFL
Puri,2019-06,44,44,88 bottles of IMFL
Balasore,2019-06,36,36,109 bottles of IMFL
Rourkela,2019-06,51,51,102 liters of ID liquor
Mayurbhanj,2019-06,18,20,123 bottles of IMFL
Cuttack,2019-06,81,102,98 pouches of country liquor
Kalahandi,2019-06,21,21,102 bottles of IMFL
Bhubaneswar,2019-07,104,105,109 bottles of IMFL
Ganjam,2019-07,59,59,103 liters of ID liquor
Koraput,2019-07,31,40,109 liters of ID liquor
Sambalpur,2019-07,47,47,531 kg of fermented wash destroyed
Puri,2019-07,30,32,102 bottles of IMFL
Balasore,2019-07,36,43,115 pouches of country liquor
Rourkela,2019-07,62,75,491 kg of fermented wash destroyed
Mayurbhanj,2019-07,23,25,102 bottles of IMFL
Cuttack,2019-07,66,66,82 liters of ID liquor
Kalahandi,2019-07,22,25,103 bottles of IMFL
Bhubaneswar,2019-08,103,115,98 pouches of country liquor
Ganjam,2019-08,40,42,514 kg of fermented wash destroyed
Koraput,2019-08,29,42,503 kg of fermented wash destroyed
Sambalpur,2019-08,38,38,93 liters of ID liquor
Puri,2019-08,30,30,115 bottles of IMFL
Balasore,2019-08,43,54,96 pouches of country liquor
Rourkela,2019-08,59,73,107 bottles of IMFL
Mayurbhanj,2019-08,21,24,94 liters of ID liquor
Cuttack,2019-08,98,111,75 liters of ID liquor
Kalahandi,2019-08,21,26,511 kg of fermented wash destroyed
Bhubaneswar,2019-09,102,121,96 bottles of IMFL
Ganjam,2019-09,44,50,490 kg of fermented wash destroyed
Koraput,2019-09,29,33,110 pouches of country liquor
Sambalpur,2019-09,44,46,549 kg of fermented wash destroyed
Puri,2019-09,34,40,94 liters of ID liquor
Balasore,2019-09,49,72,479 kg of fermented wash destroyed
Rourkela,2019-09,71,85,110 bottles of IMFL
Mayurbhanj,2019-09,27,36,103 liters of ID liquor
Cuttack,2019-09,102,102,497 kg of fermented wash destroyed
Kalahandi,2019-09,16,20,108 bottles of IMFL
Bhubaneswar,2019-10,100,112,486 kg of fermented wash destroyed
Ganjam,2019-10,55,55,479 kg of fermented wash destroyed
Koraput,2019-10,26,26,97 liters of ID liquor
Sambalpur,2019-10,50,65,89 liters of ID liquor
Puri,2019-10,31,34,79 liters of ID liquor
Balasore,2019-10,42,49,124 liters of ID liquor
Rourkela,2019-10,69,75,105 liters of ID liquor
Mayurbhanj,2019-10,11,11,97 liters of ID liquor
Cuttack,2019-10,87,123,502 kg of fermented wash destroyed
Kalahandi,2019-10,18,18,114 bottles of IMFL
Bhubaneswar,2019-11,83,98,102 pouches of country liquor
Ganjam,2019-11,45,45,95 bottles of IMFL
Koraput,2019-11,19,19,102 bottles of IMFL
Sambalpur,2019-11,45,45,86 pouches of country liquor
Puri,2019-11,33,51,79 pouches of country liquor
Balasore,2019-11,42,43,120 bottles of IMFL
Rourkela,2019-11,62,62,103 bottles of IMFL
Mayurbhanj,2019-11,18,23,90 pouches of country liquor
Cuttack,2019-11,80,80,102 bottles of IMFL
Kalahandi,2019-11,14,14,504 kg of fermented wash destroyed
Bhubaneswar,2019-12,91,107,113 liters of ID liquor
Ganjam,2019-12,45,45,98 pouches of country liquor
Koraput,2019-12,19,19,109 liters of ID liquor
Sambalpur,2019-12,38,44,110 pouches of country liquor
Puri,2019-12,36,47,105 liters of ID liquor
Balasore,2019-12,57,63,84 liters of ID liquor
Rourkela,2019-12,63,68,104 bottles of IMFL
Mayurbhanj,2019-12,27,27,106 liters of ID liquor
Cuttack,2019-12,82,84,108 pouches of country liquor
Kalahandi,2019-12,17,19,512 kg of fermented wash destroyed
Bhubaneswar,2020-01,90,90,103 pouches of country liquor
Ganjam,2020-01,52,52,94 pouches of country liquor
Koraput,2020-01,19,20,92 liters of ID liquor
Sambalpur,2020-01,43,45,525 kg of fermented wash destroyed
Puri,2020-01,39,41,110 pouches of country liquor
Balasore,2020-01,43,43,110 bottles of IMFL
Rourkela,2020-01,73,78,514 kg of fermented wash destroyed
Mayurbhanj,2020-01,20,20,112 bottles of IMFL
Cuttack,2020-01,77,81,510 kg of fermented wash destroyed
Kalahandi,2020-01,18,18,500 kg of fermented wash destroyed
Bhubaneswar,2020-02,96,108,96 liters of ID liquor
Ganjam,2020-02,54,56,88 bottles of IMFL
Koraput,2020-02,27,38,92 pouches of country liquor
Sambalpur,2020-02,45,47,102 bottles of IMFL
Puri,2020-02,35,37,96 liters of ID liquor
Balasore,2020-02,56,56,98 pouches of country liquor
Rourkela,2020-02,71,75,118 liters of ID liquor
Mayurbhanj,2020-02,22,22,112 pouches of country liquor
Cuttack,2020-02,67,67,102 bottles of IMFL
Kalahandi,2020-02,22,26,104 liters of ID liquor
Bhubaneswar,2020-03,82,83,91 bottles of IMFL
Ganjam,2020-03,62,66,105 pouches of country liquor
Koraput,2020-03,30,30,111 pouches of country liquor
Sambalpur,2020-03,55,69,471 kg of fermented wash destroyed
Puri,2020-03,36,44,98 liters of ID liquor
Balasore,2020-03,39,50,103 pouches of country liquor
Rourkela,2020-03,65,68,105 bottles of IMFL
Mayurbhanj,2020-03,27,37,102 bottles of IMFL
Cuttack,2020-03,87,101,111 liters of ID liquor
Kalahandi,2020-03,18,19,105 liters of ID liquor
Bhubaneswar,2020-04,75,99,529 kg of fermented wash destroyed
Ganjam,2020-04,47,51,89 pouches of country liquor
Koraput,2020-04,32,41,101 liters of ID liquor
Sambalpur,2020-04,43,56,99 pouches of country liquor
Puri,2020-04,42,42,99 pouches of country liquor
Balasore,2020-04,52,55,115 bottles of IMFL
Rourkela,2020-04,79,88,79 pouches of country liquor
Mayurbhanj,2020-04,23,23,98 bottles of IMFL
Cuttack,2020-04,91,101,109 liters of ID liquor
Kalahandi,2020-04,15,15,108 liters of ID liquor
Bhubaneswar,2020-05,75,89,104 pouches of country liquor
Ganjam,2020-05,52,65,84 liters of ID liquor
Koraput,2020-05,25,42,113 liters of ID liquor
Sambalpur,2020-05,46,46,103 pouches of country liquor
Puri,2020-05,39,51,105 liters of ID liquor
Balasore,2020-05,42,52,103 liters of ID liquor
Rourkela,2020-05,60,69,122 pouches of country liquor
Mayurbhanj,2020-05,23,32,96 bottles of IMFL
Cuttack,2020-05,75,98,113 pouches of country liquor
Kalahandi,2020-05,12,12,96 liters of ID liquor
Bhubaneswar,2020-06,67,67,509 kg of fermented wash destroyed
Ganjam,2020-06,47,61,520 kg of fermented wash destroyed
Koraput,2020-06,19,19,499 kg of fermented wash destroyed
Sambalpur,2020-06,36,37,107 pouches of country liquor
Puri,2020-06,38,38,107 liters of ID liquor
Balasore,2020-06,42,51,122 bottles of IMFL
Rourkela,2020-06,93,118,96 liters of ID liquor
Mayurbhanj,2020-06,17,17,91 pouches of country liquor
Cuttack,2020-06,81,86,104 bottles of IMFL
Kalahandi,2020-06,8,13,483 kg of fermented wash destroyed
Bhubaneswar,2020-07,88,99,473 kg of fermented wash destroyed
Ganjam,2020-07,51,51,103 liters of ID liquor
Koraput,2020-07,26,33,97 bottles of IMFL
Sambalpur,2020-07,44,57,115 bottles of IMFL
Puri,2020-07,39,43,103 liters of ID liquor
Balasore,2020-07,37,54,497 kg of fermented wash destroyed
Rourkela,2020-07,68,68,90 liters of ID liquor
Mayurbhanj,2020-07,20,20,103 pouches of country liquor
Cuttack,2020-07,95,95,114 pouches of country liquor
Kalahandi,2020-07,14,14,505 kg of fermented wash destroyed
Bhubaneswar,2020-08,95,104,105 pouches of country liquor
Ganjam,2020-08,45,49,95 pouches of country liquor
Koraput,2020-08,26,32,93 liters of ID liquor
Sambalpur,2020-08,47,47,113 bottles of IMFL
Puri,2020-08,36,36,101 pouches of country liquor
Balasore,2020-08,37,39,95 bottles of IMFL
Rourkela,2020-08,69,69,99 pouches of country liquor
Mayurbhanj,2020-08,21,23,119 liters of ID liquor
Cuttack,2020-08,74,74,105 liters of ID liquor
Kalahandi,2020-08,18,19,455 kg of fermented wash destroyed
Bhubaneswar,2020-09,73,78,503 kg of fermented wash destroyed
Ganjam,2020-09,58,58,107 liters of ID liquor
Koraput,2020-09,35,36,110 liters of ID liquor
Sambalpur,2020-09,37,37,104 liters of ID liquor
Puri,2020-09,34,34,90 bottles of IMFL
Balasore,2020-09,35,39,515 kg of fermented wash destroyed
Rourkela,2020-09,70,73,94 bottles of IMFL
Mayurbhanj,2020-09,18,21,105 bottles of IMFL
Cuttack,2020-09,84,98,101 bottles of IMFL
Kalahandi,2020-09,17,19,105 liters of ID liquor
Bhubaneswar,2020-10,113,135,104 pouches of country liquor
Ganjam,2020-10,44,44,83 liters of ID liquor
Koraput,2020-10,29,34,106 pouches of country liquor
Sambalpur,2020-10,42,44,111 pouches of country liquor
Puri,2020-10,35,44,109 liters of ID liquor
Balasore,2020-10,40,70,519 kg of fermented wash destroyed
Rourkela,2020-10,68,74,96 pouches of country liquor
Mayurbhanj,2020-10,13,17,531 kg of fermented wash destroyed
Cuttack,2020-10,80,86,96 liters of ID liquor
Kalahandi,2020-10,16,21,98 bottles of IMFL
Bhubaneswar,2020-11,101,126,96 bottles of IMFL
Ganjam,2020-11,61,66,87 liters of ID liquor
Koraput,2020-11,23,23,107 bottles of IMFL
Sambalpur,2020-11,42,45,109 bottles of IMFL
Puri,2020-11,44,44,99 pouches of country liquor
Balasore,2020-11,48,48,102 liters of ID liquor
Rourkela,2020-11,62,62,512 kg of fermented wash destroyed
Mayurbhanj,2020-11,23,33,89 liters of ID liquor
Cuttack,2020-11,85,97,478 kg of fermented wash destroyed
Kalahandi,2020-11,8,8,107 pouches of country liquor
Bhubaneswar,2020-12,88,88,537 kg of fermented wash destroyed
Ganjam,2020-12,50,50,95 bottles of IMFL
Koraput,2020-12,28,28,90 bottles of IMFL
Sambalpur,2020-12,44,46,80 bottles of IMFL
Puri,2020-12,42,42,97 pouches of country liquor
Balasore,2020-12,29,32,108 bottles of IMFL
Rourkela,2020-12,70,70,100 pouches of country liquor
Mayurbhanj,2020-12,18,20,102 liters of ID liquor
Cuttack,2020-12,98,109,115 bottles of IMFL
Kalahandi,2020-12,24,26,102 pouches of country liquor
Bhubaneswar,2021-01,81,98,106 liters of ID liquor
Ganjam,2021-01,55,61,94 bottles of IMFL
Koraput,2021-01,18,27,514 kg of fermented wash destroyed
Sambalpur,2021-01,33,33,488 kg of fermented wash destroyed
Puri,2021-01,30,43,504 kg of fermented wash destroyed
Balasore,2021-01,29,32,78 liters of ID liquor
Rourkela,2021-01,52,57,96 bottles of IMFL
Mayurbhanj,2021-01,29,30,482 kg of fermented wash destroyed
Cuttack,2021-01,73,78,459 kg of fermented wash destroyed
Kalahandi,2021-01,24,32,106 bottles of IMFL
Bhubaneswar,2021-02,92,123,107 liters of ID liquor
Ganjam,2021-02,68,68,500 kg of fermented wash destroyed
Koraput,2021-02,35,41,88 liters of ID liquor
Sambalpur,2021-02,49,63,123 pouches of country liquor
Puri,2021-02,37,46,83 pouches of country liquor
Balasore,2021-02,40,46,89 bottles of IMFL
Rourkela,2021-02,81,81,97 pouches of country liquor
Mayurbhanj,2021-02,13,17,93 liters of ID liquor
Cuttack,2021-02,89,89,107 liters of ID liquor
Kalahandi,2021-02,6,6,99 pouches of country liquor
Bhubaneswar,2021-03,74,79,104 bottles of IMFL
Ganjam,2021-03,58,58,523 kg of fermented wash destroyed
Koraput,2021-03,25,25,488 kg of fermented wash destroyed
Sambalpur,2021-03,57,57,127 pouches of country liquor
Puri,2021-03,39,39,527 kg of fermented wash destroyed
Balasore,2021-03,29,32,113 bottles of IMFL
Rourkela,2021-03,80,101,95 pouches of country liquor
Mayurbhanj,2021-03,21,21,84 bottles of IMFL
Cuttack,2021-03,68,80,84 liters of ID liquor
Kalahandi,2021-03,15,15,98 pouches of country liquor
Bhubaneswar,2021-04,96,96,92 bottles of IMFL
Ganjam,2021-04,44,57,480 kg of fermented wash destroyed
Koraput,2021-04,28,38,100 pouches of country liquor
Sambalpur,2021-04,48,48,528 kg of fermented wash destroyed
Puri,2021-04,42,47,102 pouches of country liquor
Balasore,2021-04,34,37,84 pouches of country liquor
Rourkela,2021-04,78,85,466 kg of fermented wash destroyed
Mayurbhanj,2021-04,15,15,107 bottles of IMFL
Cuttack,2021-04,90,90,108 pouches of country liquor
Kalahandi,2021-04,18,18,523 kg of fermented wash destroyed
Bhubaneswar,2021-05,94,123,108 liters of ID liquor
Ganjam,2021-05,52,54,529 kg of fermented wash destroyed
Koraput,2021-05,20,23,109 liters of ID liquor
Sambalpur,2021-05,42,52,108 bottles of IMFL
Puri,2021-05,37,40,498 kg of fermented wash destroyed
Balasore,2021-05,37,46,121 pouches of country liquor
Rourkela,2021-05,62,75,85 liters of ID liquor
Mayurbhanj,2021-05,17,25,107 liters of ID liquor
Cuttack,2021-05,90,90,90 pouches of country liquor
Kalahandi,2021-05,10,10,94 liters of ID liquor
Bhubaneswar,2021-06,91,93,510 kg of fermented wash destroyed
Ganjam,2021-06,65,65,494 kg of fermented wash destroyed
Koraput,2021-06,26,34,95 pouches of country liquor
Sambalpur,2021-06,44,44,515 kg of fermented wash destroyed
Puri,2021-06,39,41,101 pouches of country liquor
Balasore,2021-06,39,46,92 bottles of IMFL
Rourkela,2021-06,76,95,122 liters of ID liquor
Mayurbhanj,2021-06,12,12,495 kg of fermented wash destroyed
Cuttack,2021-06,77,95,106 liters of ID liquor
Kalahandi,2021-06,18,22,93 liters of ID liquor
Bhubaneswar,2021-07,96,114,97 liters of ID liquor
Ganjam,2021-07,53,53,106 bottles of IMFL
Koraput,2021-07,26,29,105 bottles of IMFL
Sambalpur,2021-07,47,54,96 pouches of country liquor
Puri,2021-07,34,57,95 bottles of IMFL
Balasore,2021-07,45,54,96 pouches of country liquor
Rourkela,2021-07,60,73,111 pouches of country liquor
Mayurbhanj,2021-07,15,19,115 bottles of IMFL
Cuttack,2021-07,82,96,509 kg of fermented wash destroyed
Kalahandi,2021-07,31,44,103 pouches of country liquor
Bhubaneswar,2021-08,92,114,109 bottles of IMFL
Ganjam,2021-08,55,59,103 bottles of IMFL
Koraput,2021-08,23,23,112 bottles of IMFL
Sambalpur,2021-08,38,38,103 bottles of IMFL
Puri,2021-08,39,39,92 liters of ID liquor
Balasore,2021-08,40,41,100 pouches of country liquor
Rourkela,2021-08,80,84,97 liters of ID liquor
Mayurbhanj,2021-08,19,19,511 kg of fermented wash destroyed
Cuttack,2021-08,92,117,89 liters of ID liquor
Kalahandi,2021-08,21,26,98 bottles of IMFL
Bhubaneswar,2021-09,90,90,90 bottles of IMFL
Ganjam,2021-09,50,56,100 bottles of IMFL
Koraput,2021-09,29,33,105 bottles of IMFL
Sambalpur,2021-09,44,50,96 pouches of country liquor
Puri,2021-09,35,41,111 pouches of country liquor
Balasore,2021-09,45,45,101 liters of ID liquor
Rourkela,2021-09,73,82,91 bottles of IMFL
Mayurbhanj,2021-09,26,32,109 liters of ID liquor
Cuttack,2021-09,80,102,97 bottles of IMFL
Kalahandi,2021-09,10,10,494 kg of fermented wash destroyed
Bhubaneswar,2021-10,95,121,89 liters of ID liquor
Ganjam,2021-10,42,49,96 pouches of country liquor
Koraput,2021-10,33,36,90 liters of ID liquor
Sambalpur,2021-10,54,67,99 pouches of country liquor
Puri,2021-10,24,30,497 kg of fermented wash destroyed
Balasore,2021-10,52,58,489 kg of fermented wash destroyed
Rourkela,2021-10,61,74,463 kg of fermented wash destroyed
Mayurbhanj,2021-10,22,22,534 kg of fermented wash destroyed
Cuttack,2021-10,94,105,90 liters of ID liquor
Kalahandi,2021-10,28,28,96 liters of ID liquor
Bhubaneswar,2021-11,101,127,490 kg of fermented wash destroyed
Ganjam,2021-11,52,63,102 liters of ID liquor
Koraput,2021-11,28,29,465 kg of fermented wash destroyed
Sambalpur,2021-11,54,81,107 bottles of IMFL
Puri,2021-11,39,41,105 liters of ID liquor
Balasore,2021-11,48,48,487 kg of fermented wash destroyed
Rourkela,2021-11,53,53,104 pouches of country liquor
Mayurbhanj,2021-11,20,20,94 bottles of IMFL
Cuttack,2021-11,77,79,107 bottles of IMFL
Kalahandi,2021-11,17,18,94 bottles of IMFL
Bhubaneswar,2021-12,99,107,101 liters of ID liquor
Ganjam,2021-12,49,54,89 pouches of country liquor
Koraput,2021-12,29,48,93 liters of ID liquor
Sambalpur,2021-12,47,47,90 pouches of country liquor
Puri,2021-12,33,33,97 pouches of country liquor
Balasore,2021-12,41,42,104 bottles of IMFL
Rourkela,2021-12,53,53,81 pouches of country liquor
Mayurbhanj,2021-12,17,18,93 bottles of IMFL
Cuttack,2021-12,98,130,100 liters of ID liquor
Kalahandi,2021-12,15,19,474 kg of fermented wash destroyed
Bhubaneswar,2022-01,77,84,100 pouches of country liquor
Ganjam,2022-01,48,54,521 kg of fermented wash destroyed
Koraput,2022-01,24,24,90 liters of ID liquor
Sambalpur,2022-01,53,60,86 liters of ID liquor
Puri,2022-01,33,33,496 kg of fermented wash destroyed
Balasore,2022-01,32,38,119 pouches of country liquor
Rourkela,2022-01,55,60,518 kg of fermented wash destroyed
Mayurbhanj,2022-01,18,19,99 liters of ID liquor
Cuttack,2022-01,88,92,84 liters of ID liquor
Kalahandi,2022-01,7,9,104 bottles of IMFL
Bhubaneswar,2022-02,105,118,98 pouches of country liquor
Ganjam,2022-02,68,83,124 pouches of country liquor
Koraput,2022-02,20,23,112 liters of ID liquor
Sambalpur,2022-02,55,58,102 bottles of IMFL
Puri,2022-02,38,53,93 bottles of IMFL
Balasore,2022-02,41,41,524 kg of fermented wash destroyed
Rourkela,2022-02,71,71,505 kg of fermented wash destroyed
Mayurbhanj,2022-02,27,30,90 liters of ID liquor
Cuttack,2022-02,101,113,487 kg of fermented wash destroyed
Kalahandi,2022-02,16,18,88 liters of ID liquor
Bhubaneswar,2022-03,94,125,475 kg of fermented wash destroyed
Ganjam,2022-03,52,52,106 liters of ID liquor
Koraput,2022-03,23,25,73 bottles of IMFL
Sambalpur,2022-03,42,52,91 bottles of IMFL
Puri,2022-03,28,28,96 liters of ID liquor
Balasore,2022-03,48,53,101 bottles of IMFL
Rourkela,2022-03,60,71,99 bottles of IMFL
Mayurbhanj,2022-03,27,27,92 pouches of country liquor
Cuttack,2022-03,81,85,513 kg of fermented wash destroyed
Kalahandi,2022-03,19,29,103 pouches of country liquor
Bhubaneswar,2022-04,77,77,97 bottles of IMFL
Ganjam,2022-04,47,47,100 pouches of country liquor
Koraput,2022-04,27,29,88 pouches of country liquor
Sambalpur,2022-04,30,35,104 liters of ID liquor
Puri,2022-04,34,34,101 pouches of country liquor
Balasore,2022-04,41,49,89 pouches of country liquor
Rourkela,2022-04,72,72,524 kg of fermented wash destroyed
Mayurbhanj,2022-04,18,18,525 kg of fermented wash destroyed
Cuttack,2022-04,83,100,89 liters of ID liquor
Kalahandi,2022-04,23,25,91 bottles of IMFL
Bhubaneswar,2022-05,88,88,119 bottles of IMFL
Ganjam,2022-05,51,59,502 kg of fermented wash destroyed
Koraput,2022-05,17,17,112 pouches of country liquor
Sambalpur,2022-05,51,57,457 kg of fermented wash destroyed
Puri,2022-05,41,47,92 bottles of IMFL
Balasore,2022-05,37,38,536 kg of fermented wash destroyed
Rourkela,2022-05,62,62,114 pouches of country liquor
Mayurbhanj,2022-05,24,27,101 liters of ID liquor
Cuttack,2022-05,77,88,508 kg of fermented wash destroyed
Kalahandi,2022-05,27,27,90 pouches of country liquor
Bhubaneswar,2022-06,85,97,94 liters of ID liquor
Ganjam,2022-06,56,62,512 kg of fermented wash destroyed
Koraput,2022-06,13,14,107 liters of ID liquor
Sambalpur,2022-06,44,49,75 liters of ID liquor
Puri,2022-06,36,39,96 pouches of country liquor
Balasore,2022-06,49,49,531 kg of fermented wash destroyed
Rourkela,2022-06,58,61,85 liters of ID liquor
Mayurbhanj,2022-06,26,26,537 kg of fermented wash destroyed
Cuttack,2022-06,81,82,101 bottles of IMFL
Kalahandi,2022-06,10,10,86 liters of ID liquor
Bhubaneswar,2022-07,93,103,119 bottles of IMFL
Ganjam,2022-07,59,74,500 kg of fermented wash destroyed
Koraput,2022-07,28,28,114 bottles of IMFL
Sambalpur,2022-07,56,63,131 liters of ID liquor
Puri,2022-07,29,29,485 kg of fermented wash destroyed
Balasore,2022-07,36,39,95 bottles of IMFL
Rourkela,2022-07,73,87,95 liters of ID liquor
Mayurbhanj,2022-07,25,32,489 kg of fermented wash destroyed
Cuttack,2022-07,87,99,513 kg of fermented wash destroyed
Kalahandi,2022-07,19,22,97 pouches of country liquor
Bhubaneswar,2022-08,87,103,496 kg of fermented wash destroyed
Ganjam,2022-08,57,74,572 kg of fermented wash destroyed
Koraput,2022-08,31,40,517 kg of fermented wash destroyed
Sambalpur,2022-08,55,56,103 pouches of country liquor
Puri,2022-08,33,36,94 bottles of IMFL
Balasore,2022-08,37,37,80 bottles of IMFL
Rourkela,2022-08,65,73,102 bottles of IMFL
Mayurbhanj,2022-08,31,31,101 pouches of country liquor
Cuttack,2022-08,91,104,523 kg of fermented wash destroyed
Kalahandi,2022-08,19,25,106 pouches of country liquor
Bhubaneswar,2022-09,92,104,508 kg of fermented wash destroyed
Ganjam,2022-09,52,52,97 pouches of country liquor
Koraput,2022-09,24,27,94 pouches of country liquor
Sambalpur,2022-09,61,61,90 bottles of IMFL
Puri,2022-09,37,37,106 bottles of IMFL
Balasore,2022-09,44,44,82 pouches of country liquor
Rourkela,2022-09,64,68,90 liters of ID liquor
Mayurbhanj,2022-09,19,20,99 liters of ID liquor
Cuttack,2022-09,77,89,93 pouches of country liquor
Kalahandi,2022-09,26,26,96 liters of ID liquor
Bhubaneswar,2022-10,110,110,100 bottles of IMFL
Ganjam,2022-10,52,56,532 kg of fermented wash destroyed
Koraput,2022-10,21,21,104 bottles of IMFL
Sambalpur,2022-10,41,47,98 bottles of IMFL
Puri,2022-10,32,47,100 bottles of IMFL
Balasore,2022-10,40,40,83 pouches of country liquor
Rourkela,2022-10,69,72,494 kg of fermented wash destroyed
Mayurbhanj,2022-10,27,27,504 kg of fermented wash destroyed
Cuttack,2022-10,87,106,110 liters of ID liquor
Kalahandi,2022-10,15,18,117 liters of ID liquor
Bhubaneswar,2022-11,93,98,95 pouches of country liquor
Ganjam,2022-11,47,58,110 liters of ID liquor
Koraput,2022-11,22,22,90 bottles of IMFL
Sambalpur,2022-11,50,59,94 liters of ID liquor
Puri,2022-11,43,43,108 pouches of country liquor
Balasore,2022-11,40,53,509 kg of fermented wash destroyed
Rourkela,2022-11,65,74,87 bottles of IMFL
Mayurbhanj,2022-11,22,26,89 bottles of IMFL
Cuttack,2022-11,93,100,109 pouches of country liquor
Kalahandi,2022-11,11,12,106 bottles of IMFL
Bhubaneswar,2022-12,90,90,489 kg of fermented wash destroyed
Ganjam,2022-12,51,57,517 kg of fermented wash destroyed
Koraput,2022-12,24,24,511 kg of fermented wash destroyed
Sambalpur,2022-12,47,47,474 kg of fermented wash destroyed
Puri,2022-12,30,30,481 kg of fermented wash destroyed
Balasore,2022-12,40,43,102 bottles of IMFL
Rourkela,2022-12,70,85,538 kg of fermented wash destroyed
Mayurbhanj,2022-12,25,27,118 liters of ID liquor
Cuttack,2022-12,89,110,103 liters of ID liquor
Kalahandi,2022-12,21,24,97 pouches of country liquor
Bhubaneswar,2023-01,83,83,107 bottles of IMFL
Ganjam,2023-01,70,84,102 bottles of IMFL
Koraput,2023-01,28,32,98 pouches of country liquor
Sambalpur,2023-01,50,52,89 pouches of country liquor
Puri,2023-01,36,42,117 pouches of country liquor
Balasore,2023-01,42,45,527 kg of fermented wash destroyed
Rourkela,2023-01,71,71,91 liters of ID liquor
Mayurbhanj,2023-01,33,33,102 liters of ID liquor
Cuttack,2023-01,96,111,111 liters of ID liquor
Kalahandi,2023-01,13,13,487 kg of fermented wash destroyed
Bhubaneswar,2023-02,103,113,87 liters of ID liquor
Ganjam,2023-02,45,59,521 kg of fermented wash destroyed
Koraput,2023-02,28,28,112 pouches of country liquor
Sambalpur,2023-02,45,50,101 pouches of country liquor
Puri,2023-02,47,47,108 pouches of country liquor
Balasore,2023-02,24,24,104 pouches of country liquor
Rourkela,2023-02,79,79,94 pouches of country liquor
Mayurbhanj,2023-02,21,21,111 pouches of country liquor
Cuttack,2023-02,79,88,105 bottles of IMFL
Kalahandi,2023-02,21,22,522 kg of fermented wash destroyed
Bhubaneswar,2023-03,74,76,101 bottles of IMFL
Ganjam,2023-03,44,44,102 liters of ID liquor
Koraput,2023-03,20,22,130 pouches of country liquor
Sambalpur,2023-03,42,57,105 bottles of IMFL
Puri,2023-03,30,35,98 bottles of IMFL
Balasore,2023-03,48,54,102 bottles of IMFL
Rourkela,2023-03,59,85,94 liters of ID liquor
Mayurbhanj,2023-03,19,21,534 kg of fermented wash destroyed
Cuttack,2023-03,75,80,88 bottles of IMFL
Kalahandi,2023-03,17,17,113 pouches of country liquor
Bhubaneswar,2023-04,83,84,91 pouches of country liquor
Ganjam,2023-04,55,62,496 kg of fermented wash destroyed
Koraput,2023-04,32,39,90 pouches of country liquor
Sambalpur,2023-04,50,51,97 bottles of IMFL
Puri,2023-04,40,48,102 liters of ID liquor
Balasore,2023-04,37,41,86 pouches of country liquor
Rourkela,2023-04,62,62,107 bottles of IMFL
Mayurbhanj,2023-04,21,25,89 pouches of country liquor
Cuttack,2023-04,98,113,98 liters of ID liquor
Kalahandi,2023-04,14,14,105 bottles of IMFL
Bhubaneswar,2023-05,79,96,520 kg of fermented wash destroyed
Ganjam,2023-05,45,59,543 kg of fermented wash destroyed
Koraput,2023-05,22,22,96 liters of ID liquor
Sambalpur,2023-05,39,44,105 pouches of country liquor
Puri,2023-05,39,49,88 pouches of country liquor
Balasore,2023-05,53,61,94 bottles of IMFL
Rourkela,2023-05,55,58,97 bottles of IMFL
Mayurbhanj,2023-05,29,39,79 liters of ID liquor
Cuttack,2023-05,74,95,112 bottles of IMFL
Kalahandi,2023-05,17,17,82 pouches of country liquor
Bhubaneswar,2023-06,88,106,97 liters of ID liquor
Ganjam,2023-06,50,63,492 kg of fermented wash destroyed
Koraput,2023-06,22,34,96 pouches of country liquor
Sambalpur,2023-06,42,48,95 bottles of IMFL
Puri,2023-06,45,49,99 pouches of country liquor
Balasore,2023-06,45,45,101 liters of ID liquor
Rourkela,2023-06,68,68,494 kg of fermented wash destroyed
Mayurbhanj,2023-06,22,32,516 kg of fermented wash destroyed
Cuttack,2023-06,78,87,78 pouches of country liquor
Kalahandi,2023-06,15,15,82 pouches of country liquor
Bhubaneswar,2023-07,87,106,96 bottles of IMFL
Ganjam,2023-07,50,55,501 kg of fermented wash destroyed
Koraput,2023-07,26,29,81 liters of ID liquor
Sambalpur,2023-07,40,42,537 kg of fermented wash destroyed
Puri,2023-07,31,39,115 liters of ID liquor
Balasore,2023-07,48,52,106 liters of ID liquor
Rourkela,2023-07,70,79,94 pouches of country liquor
Mayurbhanj,2023-07,24,24,95 bottles of IMFL
Cuttack,2023-07,90,101,483 kg of fermented wash destroyed
Kalahandi,2023-07,22,22,96 pouches of country liquor
Bhubaneswar,2023-08,87,92,118 liters of ID liquor
Ganjam,2023-08,52,61,112 liters of ID liquor
Koraput,2023-08,27,27,102 liters of ID liquor
Sambalpur,2023-08,51,52,101 liters of ID liquor
Puri,2023-08,37,37,105 bottles of IMFL
Balasore,2023-08,30,30,98 bottles of IMFL
Rourkela,2023-08,64,78,99 liters of ID liquor
Mayurbhanj,2023-08,22,26,113 liters of ID liquor
Cuttack,2023-08,103,130,108 bottles of IMFL
Kalahandi,2023-08,13,13,102 liters of ID liquor
Bhubaneswar,2023-09,89,112,96 pouches of country liquor
Ganjam,2023-09,62,67,105 pouches of country liquor
Koraput,2023-09,29,29,96 pouches of country liquor
Sambalpur,2023-09,56,67,500 kg of fermented wash destroyed
Puri,2023-09,37,37,94 pouches of country liquor
Balasore,2023-09,42,42,468 kg of fermented wash destroyed
Rourkela,2023-09,62,62,91 bottles of IMFL
Mayurbhanj,2023-09,14,27,119 bottles of IMFL
Cuttack,2023-09,76,91,104 liters of ID liquor
Kalahandi,2023-09,23,27,108 bottles of IMFL
Bhubaneswar,2023-10,94,111,100 bottles of IMFL
Ganjam,2023-10,49,49,512 kg of fermented wash destroyed
Koraput,2023-10,20,23,96 pouches of country liquor
Sambalpur,2023-10,49,49,93 bottles of IMFL
Puri,2023-10,33,45,454 kg of fermented wash destroyed
Balasore,2023-10,37,37,101 liters of ID liquor
Rourkela,2023-10,74,74,90 liters of ID liquor
Mayurbhanj,2023-10,22,33,484 kg of fermented wash destroyed
Cuttack,2023-10,81,81,104 bottles of IMFL
Kalahandi,2023-10,19,23,90 bottles of IMFL
Bhubaneswar,2023-11,101,123,504 kg of fermented wash destroyed
Ganjam,2023-11,49,56,102 bottles of IMFL
Koraput,2023-11,21,24,120 pouches of country liquor
Sambalpur,2023-11,24,28,108 pouches of country liquor
Puri,2023-11,26,30,96 pouches of country liquor
Balasore,2023-11,40,49,97 pouches of country liquor
Rourkela,2023-11,66,77,518 kg of fermented wash destroyed
Mayurbhanj,2023-11,19,19,93 pouches of country liquor
Cuttack,2023-11,90,113,97 pouches of country liquor
Kalahandi,2023-11,14,16,90 bottles of IMFL
Bhubaneswar,2023-12,91,101,109 liters of ID liquor
Ganjam,2023-12,62,67,106 liters of ID liquor
Koraput,2023-12,20,21,95 bottles of IMFL
Sambalpur,2023-12,47,49,107 pouches of country liquor
Puri,2023-12,24,33,133 pouches of country liquor
Balasore,2023-12,51,58,96 bottles of IMFL
Rourkela,2023-12,62,77,104 pouches of country liquor
Mayurbhanj,2023-12,28,30,108 bottles of IMFL
Cuttack,2023-12,88,101,104 pouches of country liquor
Kalahandi,2023-12,17,17,104 pouches of country liquor
Bhubaneswar,2024-01,95,102,114 bottles of IMFL
Ganjam,2024-01,56,60,497 kg of fermented wash destroyed
Koraput,2024-01,26,26,102 bottles of IMFL
Sambalpur,2024-01,40,50,114 liters of ID liquor
Puri,2024-01,35,36,94 bottles of IMFL
Balasore,2024-01,38,38,101 liters of ID liquor
Rourkela,2024-01,83,83,88 pouches of country liquor
Mayurbhanj,2024-01,20,21,84 liters of ID liquor
Cuttack,2024-01,86,116,516 kg of fermented wash destroyed
Kalahandi,2024-01,22,24,69 bottles of IMFL
Bhubaneswar,2024-02,94,98,109 bottles of IMFL
Ganjam,2024-02,54,59,119 bottles of IMFL
Koraput,2024-02,22,22,98 liters of ID liquor
Sambalpur,2024-02,39,39,94 pouches of country liquor
Puri,2024-02,40,52,493 kg of fermented wash destroyed
Balasore,2024-02,39,39,76 bottles of IMFL
Rourkela,2024-02,72,85,100 liters of ID liquor
Mayurbhanj,2024-02,17,17,508 kg of fermented wash destroyed
Cuttack,2024-02,93,108,519 kg of fermented wash destroyed
Kalahandi,2024-02,20,21,122 pouches of country liquor
Bhubaneswar,2024-03,87,115,108 liters of ID liquor
Ganjam,2024-03,70,80,100 bottles of IMFL
Koraput,2024-03,26,26,101 pouches of country liquor
Sambalpur,2024-03,49,56,98 liters of ID liquor
Puri,2024-03,33,48,521 kg of fermented wash destroyed
Balasore,2024-03,48,78,499 kg of fermented wash destroyed
Rourkela,2024-03,55,55,94 pouches of country liquor
Mayurbhanj,2024-03,21,24,113 pouches of country liquor
Cuttack,2024-03,75,84,94 pouches of country liquor
Kalahandi,2024-03,21,22,101 pouches of country liquor
Bhubaneswar,2024-04,83,91,123 liters of ID liquor
Ganjam,2024-04,55,74,514 kg of fermented wash destroyed
Koraput,2024-04,26,28,93 liters of ID liquor
Sambalpur,2024-04,49,49,93 pouches of country liquor
Puri,2024-04,32,32,85 pouches of country liquor
Balasore,2024-04,39,40,89 liters of ID liquor
Rourkela,2024-04,67,71,99 pouches of country liquor
Mayurbhanj,2024-04,22,22,99 pouches of country liquor
Cuttack,2024-04,90,90,99 liters of ID liquor
Kalahandi,2024-04,18,18,114 pouches of country liquor
Bhubaneswar,2024-05,97,112,109 bottles of IMFL
Ganjam,2024-05,51,54,80 bottles of IMFL
Koraput,2024-05,30,47,88 liters of ID liquor
Sambalpur,2024-05,35,35,104 bottles of IMFL
Puri,2024-05,33,35,105 bottles of IMFL
Balasore,2024-05,40,49,502 kg of fermented wash destroyed
Rourkela,2024-05,58,65,90 bottles of IMFL
Mayurbhanj,2024-05,19,19,107 liters of ID liquor
Cuttack,2024-05,83,91,102 liters of ID liquor
Kalahandi,2024-05,20,24,103 liters of ID liquor
Bhubaneswar,2024-06,101,117,92 liters of ID liquor
Ganjam,2024-06,55,56,100 bottles of IMFL
Koraput,2024-06,23,23,115 liters of ID liquor
Sambalpur,2024-06,47,49,99 bottles of IMFL
Puri,2024-06,32,32,101 bottles of IMFL
Balasore,2024-06,41,44,530 kg of fermented wash destroyed
Rourkela,2024-06,63,70,97 liters of ID liquor
Mayurbhanj,2024-06,20,20,471 kg of fermented wash destroyed
Cuttack,2024-06,89,119,503 kg of fermented wash destroyed
Kalahandi,2024-06,17,17,102 pouches of country liquor
Bhubaneswar,2024-07,95,102,530 kg of fermented wash destroyed
Ganjam,2024-07,48,52,97 liters of ID liquor
Koraput,2024-07,18,18,97 pouches of country liquor
Sambalpur,2024-07,55,68,113 bottles of IMFL
Puri,2024-07,35,35,103 pouches of country liquor
Balasore,2024-07,49,65,104 pouches of country liquor
Rourkela,2024-07,55,79,96 pouches of country liquor
Mayurbhanj,2024-07,18,18,496 kg of fermented wash destroyed
Cuttack,2024-07,105,128,98 liters of ID liquor
Kalahandi,2024-07,16,16,113 liters of ID liquor
Bhubaneswar,2024-08,106,110,477 kg of fermented wash destroyed
Ganjam,2024-08,49,49,94 pouches of country liquor
Koraput,2024-08,22,29,453 kg of fermented wash destroyed
Sambalpur,2024-08,43,53,108 liters of ID liquor
Puri,2024-08,39,47,103 pouches of country liquor
Balasore,2024-08,43,50,98 pouches of country liquor
Rourkela,2024-08,57,66,103 pouches of country liquor
Mayurbhanj,2024-08,21,25,512 kg of fermented wash destroyed
Cuttack,2024-08,92,92,475 kg of fermented wash destroyed
Kalahandi,2024-08,12,16,110 bottles of IMFL
Bhubaneswar,2024-09,95,100,482 kg of fermented wash destroyed
Ganjam,2024-09,40,40,91 liters of ID liquor
Koraput,2024-09,30,40,547 kg of fermented wash destroyed
Sambalpur,2024-09,35,39,463 kg of fermented wash destroyed
Puri,2024-09,38,42,86 pouches of country liquor
Balasore,2024-09,40,41,536 kg of fermented wash destroyed
Rourkela,2024-09,48,60,472 kg of fermented wash destroyed
Mayurbhanj,2024-09,24,31,84 pouches of country liquor
Cuttack,2024-09,86,120,101 bottles of IMFL
Kalahandi,2024-09,13,13,112 pouches of country liquor
Bhubaneswar,2024-10,87,119,85 liters of ID liquor
Ganjam,2024-10,54,75,522 kg of fermented wash destroyed
Koraput,2024-10,24,29,527 kg of fermented wash destroyed
Sambalpur,2024-10,39,39,91 liters of ID liquor
Puri,2024-10,33,36,93 liters of ID liquor
Balasore,2024-10,38,38,103 bottles of IMFL
Rourkela,2024-10,56,70,101 liters of ID liquor
Mayurbhanj,2024-10,22,28,115 bottles of IMFL
Cuttack,2024-10,90,114,97 pouches of country liquor
Kalahandi,2024-10,18,29,534 kg of fermented wash destroyed
Bhubaneswar,2024-11,78,88,111 bottles of IMFL
Ganjam,2024-11,45,45,99 liters of ID liquor
Koraput,2024-11,31,31,104 pouches of country liquor
Sambalpur,2024-11,43,54,496 kg of fermented wash destroyed
Puri,2024-11,38,39,92 bottles of IMFL
Balasore,2024-11,44,56,110 pouches of country liquor
Rourkela,2024-11,59,65,95 liters of ID liquor
Mayurbhanj,2024-11,27,28,469 kg of fermented wash destroyed
Cuttack,2024-11,76,78,102 pouches of country liquor
Kalahandi,2024-11,17,19,476 kg of fermented wash destroyed
Bhubaneswar,2024-12,98,113,84 liters of ID liquor
Ganjam,2024-12,58,61,106 liters of ID liquor
Koraput,2024-12,22,22,100 liters of ID liquor
Sambalpur,2024-12,48,60,475 kg of fermented wash destroyed
Puri,2024-12,41,52,102 liters of ID liquor
Balasore,2024-12,40,47,108 pouches of country liquor
Rourkela,2024-12,55,55,88 pouches of country liquor
Mayurbhanj,2024-12,15,15,502 kg of fermented wash destroyed
Cuttack,2024-12,84,95,495 kg of fermented wash destroyed
Kalahandi,2024-12,15,15,91 bottles of IMFL
Bhubaneswar,2025-01,89,102,85 bottles of IMFL
Ganjam,2025-01,49,57,470 kg of fermented wash destroyed
Koraput,2025-01,19,25,96 bottles of IMFL
Sambalpur,2025-01,48,55,547 kg of fermented wash destroyed
Puri,2025-01,39,48,494 kg of fermented wash destroyed
Balasore,2025-01,48,48,103 pouches of country liquor
Rourkela,2025-01,75,82,511 kg of fermented wash destroyed
Mayurbhanj,2025-01,23,29,498 kg of fermented wash destroyed
Cuttack,2025-01,75,85,491 kg of fermented wash destroyed
Kalahandi,2025-01,25,29,84 liters of ID liquor
Bhubaneswar,2025-02,95,107,84 pouches of country liquor
Ganjam,2025-02,67,67,97 liters of ID liquor
Koraput,2025-02,26,28,490 kg of fermented wash destroyed
Sambalpur,2025-02,44,44,116 liters of ID liquor
Puri,2025-02,37,39,101 liters of ID liquor
Balasore,2025-02,39,44,109 bottles of IMFL
Rourkela,2025-02,54,61,489 kg of fermented wash destroyed
Mayurbhanj,2025-02,30,30,95 liters of ID liquor
Cuttack,2025-02,77,85,110 bottles of IMFL
Kalahandi,2025-02,23,24,100 liters of ID liquor
Bhubaneswar,2025-03,86,97,100 bottles of IMFL
Ganjam,2025-03,47,47,109 liters of ID liquor
Koraput,2025-03,21,24,114 pouches of country liquor
Sambalpur,2025-03,42,65,101 liters of ID liquor
Puri,2025-03,41,45,100 pouches of country liquor
Balasore,2025-03,42,47,473 kg of fermented wash destroyed
Rourkela,2025-03,60,61,532 kg of fermented wash destroyed
Mayurbhanj,2025-03,25,25,96 bottles of IMFL
Cuttack,2025-03,93,110,82 pouches of country liquor
Kalahandi,2025-03,18,18,86 liters of ID liquor
Bhubaneswar,2025-04,105,112,109 pouches of country liquor
Ganjam,2025-04,51,65,511 kg of fermented wash destroyed
Koraput,2025-04,28,40,523 kg of fermented wash destroyed
Sambalpur,2025-04,38,45,484 kg of fermented wash destroyed
Puri,2025-04,34,34,94 bottles of IMFL
Balasore,2025-04,38,53,492 kg of fermented wash destroyed
Rourkela,2025-04,62,83,114 pouches of country liquor
Mayurbhanj,2025-04,20,21,96 liters of ID liquor
Cuttack,2025-04,84,97,107 bottles of IMFL
Kalahandi,2025-04,17,28,82 liters of ID liquor
Bhubaneswar,2025-05,91,99,510 kg of fermented wash destroyed
Ganjam,2025-05,63,80,105 bottles of IMFL
Koraput,2025-05,20,22,493 kg of fermented wash destroyed
Sambalpur,2025-05,41,41,482 kg of fermented wash destroyed
Puri,2025-05,47,60,104 pouches of country liquor
Balasore,2025-05,44,51,84 pouches of country liquor
Rourkela,2025-05,55,69,104 liters of ID liquor
Mayurbhanj,2025-05,25,44,106 bottles of IMFL
Cuttack,2025-05,88,108,83 bottles of IMFL
Kalahandi,2025-05,18,18,483 kg of fermented wash destroyed
Bhubaneswar,2025-06,98,105,104 bottles of IMFL
Ganjam,2025-06,58,58,89 bottles of IMFL
Koraput,2025-06,21,28,508 kg of fermented wash destroyed
Sambalpur,2025-06,56,72,96 liters of ID liquor
Puri,2025-06,26,26,94 liters of ID liquor
Balasore,2025-06,50,55,104 pouches of country liquor
Rourkela,2025-06,71,91,89 bottles of IMFL
Mayurbhanj,2025-06,23,29,96 bottles of IMFL
Cuttack,2025-06,87,87,434 kg of fermented wash destroyed
Kalahandi,2025-06,14,15,106 bottles of IMFL
Bhubaneswar,2025-07,94,104,483 kg of fermented wash destroyed
Ganjam,2025-07,58,62,102 pouches of country liquor
Koraput,2025-07,29,37,98 bottles of IMFL
Sambalpur,2025-07,44,49,102 pouches of country liquor
Puri,2025-07,28,38,495 kg of fermented wash destroyed
Balasore,2025-07,39,45,97 bottles of IMFL
Rourkela,2025-07,88,91,89 bottles of IMFL
Mayurbhanj,2025-07,26,41,111 liters of ID liquor
Cuttack,2025-07,84,87,480 kg of fermented wash destroyed
Kalahandi,2025-07,22,26,114 bottles of IMFL
Bhubaneswar,2025-08,97,100,490 kg of fermented wash destroyed
Ganjam,2025-08,64,71,111 liters of ID liquor
Koraput,2025-08,23,28,91 bottles of IMFL
Sambalpur,2025-08,44,44,101 bottles of IMFL
Puri,2025-08,37,37,484 kg of fermented wash destroyed
Balasore,2025-08,51,62,108 pouches of country liquor
Rourkela,2025-08,70,74,92 pouches of country liquor
Mayurbhanj,2025-08,28,28,122 bottles of IMFL
Cuttack,2025-08,95,95,101 bottles of IMFL
Kalahandi,2025-08,9,9,497 kg of fermented wash destroyed
Bhubaneswar,2025-09,99,124,504 kg of fermented wash destroyed
Ganjam,2025-09,60,67,104 pouches of country liquor
Koraput,2025-09,18,25,110 liters of ID liquor
Sambalpur,2025-09,50,63,129 liters of ID liquor
Puri,2025-09,40,40,102 liters of ID liquor
Balasore,2025-09,44,48,516 kg of fermented wash destroyed
Rourkela,2025-09,62,78,99 pouches of country liquor
Mayurbhanj,2025-09,29,29,138 bottles of IMFL
Cuttack,2025-09,73,76,496 kg of fermented wash destroyed
Kalahandi,2025-09,25,25,108 liters of ID liquor
Bhubaneswar,2025-10,93,111,95 liters of ID liquor
Ganjam,2025-10,44,44,113 pouches of country liquor
Koraput,2025-10,29,29,525 kg of fermented wash destroyed
Sambalpur,2025-10,30,33,96 bottles of IMFL
Puri,2025-10,42,55,92 liters of ID liquor
Balasore,2025-10,47,52,111 pouches of country liquor
Rourkela,2025-10,64,74,489 kg of fermented wash destroyed
Mayurbhanj,2025-10,25,32,100 bottles of IMFL
Cuttack,2025-10,80,81,108 liters of ID liquor
Kalahandi,2025-10,21,24,113 pouches of country liquor
Bhubaneswar,2025-11,94,104,101 bottles of IMFL
Ganjam,2025-11,67,84,85 pouches of country liquor
Koraput,2025-11,31,36,109 pouches of country liquor
Sambalpur,2025-11,48,59,92 bottles of IMFL
Puri,2025-11,22,23,91 pouches of country liquor
Balasore,2025-11,31,35,100 liters of ID liquor
Rourkela,2025-11,78,102,108 pouches of country liquor
Mayurbhanj,2025-11,19,24,98 bottles of IMFL
Cuttack,2025-11,72,79,97 bottles of IMFL
Kalahandi,2025-11,19,26,95 pouches of country liquor
